image_id,lat,lon,fold
0,26.291410272875925,73.09554315742561,test
115,26.00825734314152,72.93590748389585,test
501,22.716428593077282,82.11090485390297,train
781,22.557452690134692,85.23299457730567,test
794,25.75585885262673,82.60966441718253,train
851,27.649433975829297,76.53456165144179,test
853,12.49021607117466,79.66568633814613,train
876,23.965668039096407,81.84985303512609,test
879,21.839564180991424,70.0116719094746,test
881,22.013045511283426,74.70144462351634,train
886,9.266549070196703,78.62437295553529,val
887,26.19013517092727,72.15116555943825,train
899,22.107034433038606,82.79916408482147,train
911,22.96389529063247,82.93450014063528,train
913,24.266800014097573,76.56535633419676,train
914,22.082888361987337,78.14911297752906,test
915,23.907561499145874,78.06897821045186,none
927,27.09058372683368,74.13556422285559,train
931,21.50803449630168,76.41537101174009,train
937,31.624463911708197,75.83548216160578,train
951,21.524332489495865,86.47431665953995,train
952,24.58047549255507,92.41452123284976,train
959,21.77386824268214,85.50258111630392,train
968,22.22549494403699,78.93382629649653,train
1015,17.465578425565248,77.16214871183618,train
1021,14.254566420835474,75.33221814479367,train
1034,20.16399901552053,86.09441503939482,train
1038,16.284576593582543,75.8074915699104,train
1051,18.565919622505966,75.61095660703093,train
1406,15.656984853956315,75.55010979308274,train
1407,28.89249310273239,76.39107067167105,val
1408,16.288843989728655,78.5434081925259,train
1409,22.70721602647605,74.46698086808661,train
1410,16.281972524145097,78.40097614161542,train
1411,18.73913338786648,75.50917863458747,train
1412,16.59754754370807,77.59269988282858,train
1413,18.508272327059192,79.98293984474853,train
1414,18.22512833901698,74.25692566473748,train
1415,22.331652692580427,85.98279038532861,train
1416,14.9843027586184,75.64424003646427,train
1417,18.79112649096137,74.97522419061458,train
1418,26.700559573967872,76.0259381014112,test
1419,17.074350310849052,81.19457956949475,train
1420,19.866099814160464,78.82882351609103,val
1421,25.3502278375555,72.66027161301831,val
1422,21.773003192712526,84.3951276668573,train
1423,22.105607546483807,82.19969145214125,train
1424,30.93979123722773,75.79983623574344,val
1425,21.881230044973396,78.41044291635887,train
1426,27.058246320374888,94.56096639280157,train
1427,24.09221727975199,79.52531583261724,val
1428,10.790785720125395,76.8925499286497,train
1429,15.112961211896765,75.40090828189983,train
1430,30.09985266479096,75.35978078041892,val
1431,19.622570494002144,73.91240238431497,train
1432,25.399679219905554,72.11088325720551,val
1433,23.92328427193471,75.11546863401149,test
1434,31.77339792385482,76.34122019249116,train
1435,20.01557781588792,73.94224356932376,train
1436,29.730960152240034,76.88356296135669,train
1437,26.70551360842227,94.44799520009852,train
1438,23.81561479804165,72.37397931021017,train
1440,23.71297964938957,84.97079368625509,test
1453,24.848886648818745,72.45925430278443,val
1454,20.98316259464584,77.02912132968262,val
1455,28.014906331948524,78.16742703455978,train
1456,20.315911652553066,76.25183359259812,train
1457,18.16730717634733,78.76176770377539,train
1458,26.82472769244823,74.0091749588702,train
1459,17.359014822303052,74.63433158819272,val
1460,15.96373094113086,80.43229441873825,test
1461,25.60790144763441,87.13481618228118,train
1462,28.29908037238016,77.50917995510547,train
1463,17.698165094324576,74.60884290494039,val
1464,21.540175678288023,79.60051718879396,train
1465,18.27350961354269,77.06040812480576,train
1466,21.750408918865823,70.93653730892682,train
1467,27.01431084104159,76.1733821186611,test
1468,24.055617022861195,73.65064089546254,train
1469,20.80026809089444,77.07812387385438,val
1470,13.897869538218913,77.09261406654402,val
1471,23.807120226418853,74.47379744549986,test
1472,23.891419556445605,78.44261228400873,val
1473,27.35633724310902,78.69088386249389,train
1474,27.713885832410632,75.55822481115563,test
1475,22.533212974425826,71.0433970825768,test
1476,25.17257724070531,87.66092926010332,train
1477,18.908030752401586,76.08707478376084,train
1478,22.92370989875761,72.38365995935607,test
1479,29.788549399173668,77.8661137725819,train
1480,28.657583229288807,77.52426044802425,train
1481,24.765858190679488,93.8500073721304,train
1490,20.09131564791436,77.5358271318054,train
1494,17.400176832012175,76.36732286733687,test
1495,18.1461844078658,76.37433977471527,train
1498,21.52416298790433,73.32656799984727,train
1501,16.582333077024266,74.20978154622831,train
1502,25.805381640726342,72.71830277845275,val
1503,27.074673645786515,79.62558435656103,train
1504,13.259335172104402,78.64639753899345,test
1505,22.85691252239323,81.2761347412563,train
1506,25.707236829472013,79.1936862342632,train
1507,13.923050068551548,78.2587345553903,test
1508,24.4984235905748,80.30874351477176,train
1509,22.84064127228776,75.19301733172738,train
1511,22.468092321879226,73.23676370175076,test
1525,26.476262315175227,71.18688027928677,train
1536,18.70713040411417,74.61784682433627,train
1540,26.807078550262972,72.06096020211234,train
1542,21.020699336585725,75.32802434018816,train
1543,17.090376316132993,74.61796642811198,val
1544,19.38999270715188,75.20940320414792,train
1545,28.90702972105841,76.61737706166895,val
1546,18.863667143272245,75.50927213539342,train
1550,16.924667209673412,75.70975239537893,test
1552,21.47565248413407,76.5774396892992,train
1554,27.43861659438045,76.60794329762149,test
1555,23.97273570198525,83.25038009466897,val
1556,19.038463940437783,83.76750103089064,test
1557,23.689805702368584,73.927966176018,test
1562,22.648083883376568,81.84262023444401,train
1564,25.51500946205309,78.44262473455042,train
1565,26.109585989919214,82.33368763863017,train
1566,24.148731938349147,83.24833839297621,val
1567,25.748510250581198,87.79997393779513,train
1568,24.47307807324505,81.0762822300406,test
1569,23.43224355085001,72.57528655314972,train
1570,25.63004088952889,73.99419079939494,train
1571,14.264487907036404,78.19984768014973,train
1576,25.682355050685437,87.0773214587837,train
1577,21.275487901079874,71.59906648364003,train
1578,21.207116507472783,82.7357126610242,test
1579,21.439190408412347,86.60241141069972,train
1580,22.23244220506904,69.39456899629558,val
1581,26.79799087315999,83.4762016644063,train
1582,21.017247966167066,84.06644469596804,train
1584,15.073556123988485,78.05988584650413,none
1588,27.742160953848877,73.29400173967747,train
1589,24.315221412054786,71.94297566532077,none
1596,16.366771249683087,78.95345348812091,train
1597,22.20794838060081,74.96755116519128,train
1601,30.531877134360307,75.21015940598706,train
1628,12.657485872268634,77.01836834395517,train
1629,24.85772451456515,76.76089914769764,val
1631,23.714959474297647,80.63297548640429,train
1634,21.849137871085887,81.12524898875213,train
1639,25.71610152084385,78.59991135228272,train
1640,14.682479546527276,79.91490689641697,val
1647,14.347137328760994,74.97016983783242,train
1676,24.300765026139842,73.81201831274683,test
1677,14.390577918608985,76.059731084611,train
1684,16.81550842329631,79.90989811044486,train
1686,26.590054070788412,92.0344128295343,train
1687,17.690375111719998,75.42543416692703,test
1688,28.80852824150721,74.0529698968847,test
1691,18.67371392227691,73.84257640413166,train
1695,27.65048631664678,75.3175749423667,test
1696,23.615900573404325,80.78565594852834,train
1698,25.384264149632482,72.00212748031592,val
1700,27.00674372689846,75.30067906165624,test
1709,25.13364927727654,72.15230040922147,val
1710,13.375289647383655,76.46013477982659,train
1723,14.208459270854002,76.85218108873313,train
1724,22.923723244801284,79.54581464750568,train
1725,22.313789574330038,70.74294922988197,train
1728,22.350474624560885,83.87043230561335,train
1732,12.749133754625227,74.86655349069865,train
1734,30.007856945280814,74.69292585738211,train
1735,22.05731101741469,75.35007068888595,train
1736,21.757204605027233,77.92756878304509,val
1738,32.73100323097657,74.97352327883652,train
1740,21.24950916607311,86.00071640068676,train
1741,16.83997548476426,73.50169122227192,train
1768,25.381057989357014,72.56999409472905,val
1769,29.321922372063238,79.085320243049,test
1770,22.839522067194892,84.86158803370083,test
1772,19.52501868114109,78.77022175030518,val
1780,23.21283798171266,86.52283593405437,train
1787,19.529959413321194,77.10032340808195,train
1794,16.223433407081753,80.51209652039171,test
1795,22.89046730547232,88.75099856730293,train
1804,28.35777104834239,74.70197687260791,train
1806,18.049551236702786,76.12637614182587,test
1807,23.02479319213645,76.23366966335925,train
1808,27.02304176309694,78.70889737911206,val
1809,30.75978175982449,76.06705575317899,val
1810,26.048839645801372,83.19200883954608,train
1812,15.209910985676201,79.47652594538049,train
1815,19.839407638553574,76.90974459717644,train
1816,23.39187085881508,87.39449306648464,train
1817,30.65819010038389,77.35299875837568,train
1819,13.259723092470761,76.20114701262416,train
1820,19.173217923187085,81.78357453978799,test
1821,25.980316637663908,81.8033141727627,train
1824,21.90445298339849,87.15289641714207,train
1827,12.581783658200445,75.97093796379212,train
1862,12.199884004523485,79.74294895293733,train
1865,20.32443745342465,83.0499954326578,train
1870,17.384779561658295,80.45174452888256,train
1871,18.60732678387403,78.14098513254619,train
1873,16.231807599572306,78.06821868589864,none
1876,15.583628227946393,74.59999550880082,train
1877,23.173633580543395,86.94212887221519,train
1880,20.765629823504,83.2095956910745,test
1885,25.48981106039864,73.95113985858791,train
1888,18.639824743948665,79.24310317415988,train
1897,27.657232918117284,82.05914602927083,train
1900,17.17351173463641,82.26779854734666,train
1901,17.10613925026629,75.5008317699235,test
1902,22.687020812674426,85.8496228804852,train
1911,22.375704220059365,84.75958380380023,test
1912,22.792420572753077,74.72519065817583,train
1913,26.201291853279496,71.01067790592542,train
1916,10.848227897699037,79.71014659623732,train
1917,26.09958867995357,74.67685528204234,train
1918,14.462525487783587,80.07634273186434,val
1919,20.398859810768975,76.48988494887399,train
1925,24.120599514306345,85.07251476682164,test
1929,14.855555088416358,78.03793704001123,none
1934,30.324100820443988,77.01372450352774,train
1935,27.26444851975536,72.37708845101622,train
1939,21.48876225233459,85.06214913178096,train
1940,25.97380636468193,72.77026443321986,test
1942,21.92493810855029,79.49025057201429,train
1943,21.840843954924306,73.38441982593277,train
1944,23.62904158841021,86.64078410305868,train
1945,19.688801489054526,74.42092677525177,train
1946,19.301189716238863,82.6983585144792,test
1956,24.87573486245173,73.8853973347223,train
1975,20.71592869539217,82.88410777449022,test
1977,20.26642010450664,76.6012839759922,train
1981,26.088481036969675,86.69254146933437,train
1982,24.80800999492671,82.49204404405172,test
1989,20.483359808856093,72.92636072887093,train
1990,13.106575310226171,75.91802379163917,train
1991,18.69947412772504,74.33431088888112,train
1992,25.324556794462005,71.53384743981435,val
1993,18.364729424085173,76.36921426930972,train
1994,23.139632896125665,86.01118779528427,train
1998,26.65044365352665,79.30878720661546,val
1999,21.03925807865631,80.90070854701635,train
2001,22.166242355987787,75.50427919281131,train
1,25.7085834895638,77.42628140839405,val
2,27.18402422207578,76.5948324803687,test
3,27.46741790803778,80.58413413319772,val
4,21.107981751699434,78.07600953853829,val
5,31.016536832169923,75.01737801265342,train
6,24.571922918022388,81.29318530057805,test
7,27.723584355732683,76.51747883746563,test
8,25.724792318760876,73.37684063001126,val
9,27.824988769317226,81.45048993372315,train
10,26.214379315208177,75.77467739315283,test
11,28.83439991429542,74.66136662316529,test
12,18.208321966700094,76.35288275436389,train
13,27.067623851565404,73.36115500925554,test
14,19.68421756649435,76.06224646377453,train
15,29.19042789637337,76.79224007822341,train
16,24.265529173996875,78.50938167665463,val
17,25.065518692523302,76.27628468258675,test
18,26.85829131876223,75.9574190397755,test
19,14.381882657308712,76.66260204472286,train
20,22.94632642515309,85.2088886574111,test
21,14.281008833845515,75.76496360463723,train
22,22.75710896479039,73.67527625394005,test
23,27.49817229332661,82.05878148910949,train
24,27.73304213301826,79.83186965158174,val
25,18.6733839128775,77.72025557255209,train
26,20.131594699536,74.8324316386912,train
27,12.999119884292135,77.18390966430034,val
28,26.04995442690646,81.43414632025689,train
29,27.123862028859293,78.59324788790659,val
30,13.835085361060019,78.8431043903731,test
31,20.989405358747746,85.258480650579,train
32,17.256370786944302,76.9207736733582,train
33,19.17893898119597,74.76837364167538,train
34,16.12454838921696,75.99606322819564,train
35,24.28828843018359,73.37334192087086,train
36,25.55736644429997,77.3918643079309,val
37,23.8987056417952,72.25328111922339,train
38,25.98974319461191,80.23118996915579,train
39,16.772397783479096,78.86697065596302,train
40,22.401134426845072,88.59393609215564,train
41,24.61821288586029,72.31095486027631,val
42,28.431100977380773,76.75873692539916,train
43,29.32479400701601,73.55964654980241,train
44,19.359782252058643,75.28715896514971,train
45,30.1545168077957,74.61824726555727,train
46,21.141830826467885,84.40971856480205,train
47,19.70924198136178,75.55867811052906,train
48,22.3236575736552,69.77646960115597,train
49,28.3656369191535,79.71869186711879,val
50,19.250703766400303,78.29427315363817,train
51,19.76609555666386,84.41739132512082,train
52,20.42428565972361,74.63070969389227,train
53,14.072282804483454,79.89435633397444,train
54,15.534694059241161,75.93338552177448,train
55,10.87570484169125,78.09111290989307,train
56,17.449021758143214,79.01014407454817,train
57,22.097416143768434,74.80036259165793,train
58,24.456454524858213,83.45105406915229,val
59,17.94226970349238,78.1790278299252,train
60,25.482832572345014,76.08495425140471,test
61,26.966210495787788,81.76185436419574,train
62,26.31499001540851,76.85042013529872,test
63,21.679518092025432,81.51468147091539,train
64,15.326074986092367,76.78957174961387,train
65,25.806674791262267,82.39949697314059,test
66,16.198355392025846,75.43398021164465,train
67,16.766043579042694,75.81197860211195,train
68,16.798389900433833,73.98356207200312,train
69,23.266672702220212,70.024870541119,train
70,12.115178898994465,76.04338822453798,train
71,27.105374558665943,77.31457144487882,test
72,24.666210643225288,75.90204690638684,test
73,11.123769111987832,79.41632989092825,test
74,20.61519310545196,78.43461099209752,val
75,27.404459881571874,75.93529641417643,test
76,23.481806507606567,83.3821674551505,val
77,29.555998433463344,75.17348072149032,test
78,27.03168349241807,81.46685483838722,train
79,22.932788607677555,84.57920232830801,test
80,26.390999849016914,74.7097084849434,train
81,22.049405005913325,83.91710138515387,train
82,27.767292416035065,79.11728583540712,train
83,20.22129393751592,77.65572663706409,train
84,21.865413615339218,84.90813917029676,train
85,10.457481310098396,79.64288730388094,train
86,25.51670391473438,74.10017796162927,train
87,29.881802645882892,74.93548656085272,train
88,16.606626264895485,75.30998736235583,train
89,15.938978468816922,77.54204464139565,train
90,12.681350986238835,77.80842627198122,train
91,19.365320462157108,82.31773381174945,test
92,25.39526919329947,74.24557977247125,train
93,22.94094878539473,86.89932084370676,train
94,21.4385571795499,84.84957004582162,train
95,18.7319542171086,84.29442424699475,train
96,25.555885983081197,84.05245921220718,test
97,16.18193256013668,74.58338522655437,train
98,25.908114875213684,72.75866439481709,test
99,26.99086488076423,78.54150640403319,val
100,18.216343879169127,74.73248933908673,train
101,29.73234694955213,74.09342749554966,test
102,19.05792343720505,75.21138101507097,train
103,24.74633621512332,72.65373498562006,val
104,12.665739651963914,77.77092164295726,train
105,22.4060171836339,72.69518882568724,test
106,21.58177910398503,73.97727960454795,train
107,21.631935007790275,71.13536993187721,train
108,19.165303034095093,76.90996946731276,train
109,24.782165097573447,85.43545911008442,val
110,14.86204312548102,78.92563204863035,train
111,13.756770191139447,76.99577856350096,val
112,25.82245999052497,81.38679331645757,test
113,26.924241446381988,79.25172852277666,val
114,20.47391545106513,80.85085296716998,train
116,24.2646819200992,86.73253469803456,train
117,14.438945741475587,79.54355727750419,train
118,26.090474261620997,80.22843223611035,train
119,22.358340444522554,85.14755381282596,test
120,18.69116681916392,76.65019023358356,train
121,17.349793442526142,80.20369150435558,train
122,19.466867573214355,76.27572004452324,train
123,20.591256669888068,78.46826570957266,val
124,21.38904782130983,85.1939507003556,train
125,26.32405536023693,84.33593423670712,val
126,18.490966585443047,77.2711121399963,train
127,9.242929170507825,77.97091494768324,none
128,25.58995798763864,72.39299448641002,val
129,22.749439300825127,75.26839786877694,train
130,21.76443280758265,78.43507179238607,train
131,23.956468880586282,86.70968101294586,train
132,28.02439081409711,74.8193990776816,train
133,30.232653605577106,74.42610302973165,train
134,26.01492815538927,75.7930486184382,test
135,29.697873645654386,74.58617179752866,test
136,22.107310896974703,88.02337528686556,train
137,21.949213492597984,70.12763893241579,test
138,28.80717268465675,76.4827918122453,val
139,28.618227189239462,80.09156617847529,test
140,17.775833787866603,75.96963499502014,test
141,23.26345326269844,91.58372357182527,train
142,18.698439615898465,84.2748645532151,train
143,23.257776760670748,72.06192263049255,test
144,24.74146688961815,87.64851503467163,train
145,21.15864160790396,75.97749444552217,train
146,21.957115019030162,88.24078756167093,train
147,20.781722733921896,75.3671772033925,train
148,25.707450851063992,86.20005779412998,val
149,22.34129778428051,72.00224171447313,test
150,21.973680571302467,81.26728276347104,train
151,27.88196717320946,80.4253935768037,val
152,25.71674810521788,79.50890344517634,train
153,11.28189330741786,79.70983932196735,train
154,28.32521067973969,80.60326220569709,val
155,22.25714116475861,87.15063565012026,train
156,20.43117048456433,80.09191293295723,train
157,22.841167445960693,88.72741902551006,train
158,23.95137661171065,84.3137397490012,test
159,16.34823028066385,80.6341834682022,test
160,27.200081400850628,72.95875027970385,train
161,27.34867646989293,71.11755648946942,val
162,27.9839379071426,79.93504528403012,val
163,19.13903002307686,73.66214045765152,val
164,25.26588391690621,73.52077107492478,val
165,22.365408117950373,72.83417374660259,test
166,28.622663999911772,78.22242185705565,test
167,19.540634489481768,74.08401730790673,train
168,17.34805885020738,79.91247215336168,train
169,26.61512762004487,78.6063893691368,val
170,17.916768141784242,81.57894689673971,train
171,27.583795999078532,73.460135468628,train
172,27.532271052354776,79.85079127871192,val
173,17.239662525312983,74.3681088305878,val
174,25.782858681665502,73.25043678248447,val
175,26.03953793151285,82.03252765654099,train
176,14.040685574772466,76.95935092009775,val
177,29.590159549053308,76.73317606464714,train
178,17.42456807966096,76.7525118314747,train
179,22.225503855249872,74.5343524069567,train
180,23.96632352653253,76.61745030380709,train
181,26.17465763694712,74.84352800772055,train
182,28.39024671944058,80.39166550348679,val
183,21.049652266990204,75.5598418951042,train
184,20.98998502650115,77.07781836599803,val
185,27.757103432074903,80.35102211066081,val
186,30.164893074993955,77.27494252245224,train
187,22.556498463836412,72.55082966345941,test
188,20.131545676554605,73.57467068415076,train
189,25.90681280733598,81.05835797186438,train
190,14.709787131868243,75.64467409746527,train
191,17.522860057707017,79.38497550047055,train
192,15.557600467711143,75.77117992959359,train
193,19.93407883325036,81.46180146827919,train
194,10.974527486620994,79.54518163991857,test
195,14.273526466591596,77.15773747262605,train
196,20.800437536767884,75.10733938702415,train
197,28.051323815494552,78.28920054848925,train
198,16.872959484046728,79.08381466782531,train
199,27.27428975597946,79.25218740462425,train
200,23.14821670151881,75.61762446455306,train
201,22.663449981057052,83.85375361757082,train
202,26.324117798947874,80.67544906986781,train
203,17.798758031412707,77.5995819543738,train
204,25.732033849826315,78.67808201098782,train
205,24.898427195855216,76.4513707808662,test
206,14.13104486991519,78.6195409291766,test
207,19.530699629957443,82.85176547798456,train
208,14.756326736825885,76.26881638410066,train
209,19.00786557110547,83.3088133235073,test
210,18.14733934760218,77.54300323788544,train
211,27.39065896132346,80.68157441242968,val
212,25.09866314388392,86.9457686256696,train
213,19.41562362876016,77.46777993441859,train
214,18.66502312183105,76.41869340939694,train
215,29.167445727828675,74.49528873941075,test
216,22.808575898859292,78.8187554190978,train
217,21.906794070400377,75.82607065524313,train
218,17.06230182006593,79.28495250195425,train
219,21.589787652275387,84.67521520186703,train
220,18.148012673239727,76.60109834321382,train
221,22.998110001556512,88.17326299283992,train
222,25.572924263409423,73.09205847502237,val
223,23.88280009506433,78.20930399249256,val
224,26.54029943409618,92.05043996822387,train
225,12.575001408315055,80.07596443646185,train
226,24.59715699269309,86.3946886266452,train
227,23.824350155240868,72.85865149502068,train
228,26.922854652165213,92.67514761707442,train
229,23.998388911700076,75.90844571930543,train
230,26.24594082352324,89.64357948194638,train
231,13.548476677119405,77.20814928078862,val
232,23.64030972660958,77.35085252482385,val
233,10.749119901500714,79.73508581499357,train
234,33.20403358841164,74.17237648035257,train
235,32.5958255398351,74.99160337724359,train
236,27.016651799890628,79.67485098186397,train
237,24.556601462230763,81.70847183939203,test
238,16.131794461158645,74.99244395915771,train
239,29.38825146725504,78.5516241220298,test
240,25.18380971911898,87.27654030298531,train
241,15.38760166704416,76.54108027440866,train
242,25.782858736520875,78.45051538659557,train
243,26.32360055357565,76.018221365781,test
244,13.590236161679568,78.02744459145644,val
245,24.240063274378446,87.48721346568796,train
246,23.49247714108446,70.87666221656661,train
247,21.158940395941226,71.51788503875888,train
248,26.51705415183719,80.48200512848092,train
249,24.981375399205948,74.19237714273761,train
250,19.42579036203874,74.85276160373036,train
251,30.99974831507772,75.24476803797751,train
252,15.251246825301841,79.73708669437288,val
253,19.417340334432442,78.55899301942138,val
254,26.29141922087056,82.44943027631311,train
255,18.15762194980015,83.34317361614401,test
256,20.207457397175133,78.9179210352834,val
257,10.705621354448855,77.01662326543679,train
258,16.264912001544626,80.77910934260484,test
259,17.93496127766367,75.73757721524181,test
260,24.364935910952486,71.90943374512422,none
261,17.846987628072085,79.37612459169887,train
262,25.16319528156888,78.93406364345054,train
263,18.797877567339683,82.66864448365196,test
264,18.465563061464497,83.20286426237334,test
265,20.998278948179678,76.5187445149204,train
266,20.65777749907316,77.70986532083771,train
267,25.613305888321715,72.61836821772488,val
268,29.94015439541431,76.77511658208796,train
269,25.58140546520867,89.8904542702173,train
270,21.621933262850828,74.4770522272933,train
271,23.59056842631187,85.51911892920052,train
272,28.132149435247985,76.63329468278033,test
273,30.48323281844892,79.05783934162447,train
274,21.06499157718886,81.76725689650719,train
275,23.173811954485,77.10100891213892,test
276,27.055272147615515,73.29958044421146,test
277,11.722947435681816,79.05852015113156,val
278,30.482733352761336,74.61079580507149,train
279,22.98209289203649,82.17793174771764,train
280,29.206864161830925,76.41168046349776,val
281,18.27341146864466,79.3259747679132,train
282,26.574777223092326,76.84068773909156,test
283,11.974164273236795,76.5840024166816,train
284,25.61580736437169,84.45251025885253,test
285,19.723756422446225,78.98660658245595,val
286,22.356159966666546,69.79408892175884,train
287,13.925765651025689,76.89445024818278,val
288,27.99914789343691,80.14223107274991,val
289,14.273820792838455,75.65283544220875,train
290,13.288542259039655,76.6833259062721,train
291,26.91584051223229,73.12620893556577,test
292,21.89817905495276,87.20870701379566,train
293,24.12275325894268,77.99112783686634,val
294,14.700200061758153,77.03551292847435,train
295,24.115043457321548,88.00924813505506,train
296,25.18456331805005,73.0432773866521,val
297,18.682146039678216,76.5185447700304,train
298,24.70167832719213,81.40363803378693,test
299,29.892522272415448,77.32034645699133,train
300,20.882997843891523,75.34360717920406,train
301,26.982129482331423,84.00918123107314,val
302,13.522984010734902,77.43454362231836,val
303,17.997731971441805,78.85077424556124,train
304,27.262464243860503,94.87559454086201,train
305,15.948663603164404,76.61007874355741,train
306,15.4236178545227,78.94080585601725,train
307,23.41400143006889,74.65965947532234,test
308,19.424604235407504,75.101820272172,train
309,25.29114921279035,74.05892400104872,train
310,15.134726070707115,77.13671046986703,train
311,26.767780466843647,71.35161081509402,train
312,22.64118568568827,84.85121647317584,test
313,21.00984135133596,78.75742629604191,train
314,22.15680244643914,73.45948764604866,test
315,28.514981141193385,78.34161813371813,test
316,25.29819010334548,72.43448614420181,val
317,26.582085708286826,79.65776861878365,train
318,16.809809609819382,80.03125738299542,train
319,20.048084678280343,78.85081060958021,val
320,11.682833355269828,78.89332999760154,val
321,25.981368937357093,83.86057816588378,train
322,10.823047300007094,76.58458537654306,train
323,23.448153656377524,85.4760887040639,train
324,24.988104200248433,71.26786610164659,val
325,27.51471559446507,79.26683824310645,train
326,23.26512095717714,73.33283247083365,test
327,29.81534862131541,77.30144088015862,train
328,16.025235264437143,77.23370627827863,train
329,26.25648215879827,90.59186409918225,train
330,18.448342052441774,74.13620646355086,train
331,20.60755024394084,84.44255443501865,train
332,30.057611589083987,77.3667120995419,train
333,16.78195813107941,79.59983658805504,train
334,20.915732095738264,71.45974082737419,train
335,25.71636904633225,75.80013521965743,test
336,28.424282976981395,75.81670824227426,test
337,22.47322475773261,83.16001517814485,train
338,27.04833374329373,77.83334992602975,test
339,30.08228827374558,76.72545871381612,train
340,26.640941394636695,76.70965417405431,test
341,16.843132502402792,78.64579921883356,train
342,13.004649177422626,75.92755325055708,train
343,20.006797821285573,74.20072938456845,train
344,24.823153171786128,79.75225027449349,test
345,23.333434344063978,74.02263106181405,test
346,25.522398168577556,83.27601286715665,train
347,23.930833514236088,80.49078930379859,train
348,28.266181172707014,76.45055332815869,test
349,20.064949008620708,73.2266520731474,train
350,18.26647315040719,74.97601517374613,train
351,11.688875451801634,76.91898688269698,train
352,29.85694762935265,73.83287479030716,train
353,17.806989523010486,78.64767089206492,train
354,21.748433543472558,71.00746845158275,train
355,19.96351783360336,79.86566397658608,train
356,21.408123828964147,71.17567706460859,train
357,23.88067757148168,72.80788355570455,train
358,22.231091085700807,76.98543062811102,test
359,21.03385368129741,76.54257097501973,train
360,26.52469260032587,89.54867644564564,train
361,21.07282620129634,71.26862828349961,train
362,26.10064994763011,83.71468112072013,train
363,24.20866227967956,71.35007745860686,train
364,16.99552232665046,79.6175433775272,train
365,19.929365579171275,82.1728367715764,train
366,26.44002321465029,78.38544702117895,val
367,24.315350678313237,82.48392486958015,test
368,23.69929918997136,74.75970772656125,test
369,24.27350654037104,88.29317007929339,train
370,21.831765155728075,82.45072266107718,train
371,24.23857840045293,79.05981565636716,val
372,23.62262939813032,87.71833988579245,train
373,27.938994618598908,75.4977682067687,test
374,16.82530053138592,76.98556107125377,train
375,22.53383284307736,82.1407795251951,train
376,18.92989814633648,78.63450850867468,train
377,24.03440953969077,80.73356832297495,train
378,29.951333423926663,77.72802520594303,train
379,15.924651378827386,75.45281850297621,train
380,24.164329916837158,83.724680203166,val
381,26.782865651822714,73.89021972706233,train
382,18.863635946305546,74.57683844870091,train
383,28.125527748097852,78.98354945665795,train
384,13.265497662233296,76.00986454869663,train
385,29.32571703444965,79.13030322163162,test
386,28.30120740486456,76.23415350280695,test
387,25.15814755505545,83.13657117911931,train
388,23.50665263610746,74.15754244240682,test
389,14.542205198119388,75.30399900902253,train
390,22.330426498441028,70.48428860243651,train
391,14.134402488071506,76.63235568356859,train
392,26.71534591458887,82.15008776658277,train
393,24.36510981299595,78.58692429305727,val
394,17.34260533342057,74.71180946366786,val
395,10.630512288457043,76.71572609589595,train
396,23.096513377273432,73.93580333226893,train
397,23.10705469170821,85.15070470880006,test
398,23.057219815196966,87.65377687534867,train
399,22.8979183971672,72.15184708899395,test
400,25.707192214137567,75.92544157693736,test
401,14.732528479289716,78.0419703125546,none
402,17.64617199034741,82.4144938423556,train
403,25.23103604433693,84.92661118399847,test
404,27.43916503080469,82.409661693905,train
405,26.449124213155805,91.45820163349336,train
406,29.400322296992695,78.69310996389719,test
407,23.79740831965921,83.57646018418123,val
408,21.288129465109147,73.85242295490266,train
409,13.981352800626125,76.15007186187191,train
410,22.19063814652218,72.89180990861355,test
411,17.12358771773932,78.36952635340438,train
412,21.90419883944219,76.31791411165193,train
413,25.48194519792914,83.72900872073916,train
414,13.27653393659264,76.46917377449974,train
415,27.231000840603038,73.70129825170272,train
416,28.223908856639014,79.36154418906762,train
417,22.266625675377814,87.31431503310705,train
418,23.42262081505154,74.75192644112559,test
419,23.09237091744195,79.39255784557022,train
420,28.69014357329332,77.50753912418098,train
421,19.96368723584646,81.76665899007051,train
422,27.415023449946844,79.26775530190902,train
423,26.822208294849485,83.48214288964806,train
424,30.206822035100608,76.4919900188301,val
425,23.66374230745264,83.26537053787553,val
426,13.675449578567513,78.37905372756771,test
427,21.97189688680997,71.72619792759835,train
428,31.904994908135237,75.58007710030047,train
429,25.391171298079648,81.72521383351489,test
430,19.348019150282784,84.76945584572144,train
431,16.206702842448486,75.09457514930973,train
432,28.10110073662684,74.70673087515772,train
433,17.238873249081394,75.11892771693745,val
434,27.206475790504733,82.17397652290965,train
435,26.733195743197108,74.95194182532772,train
436,21.739261179266094,79.64940302962705,train
437,24.224786404439172,77.4160497497959,val
438,27.18188385405211,81.117805666881,train
439,23.72464024489388,81.75944601366784,test
440,26.490879222030195,78.69286951420641,val
441,20.715777054721986,75.23338726735558,train
442,20.64048069455056,86.08640846463682,train
443,27.291983477552915,78.14358580540974,train
444,30.908671185055066,75.59347785756896,val
445,23.181633190164,87.96098812949295,train
446,25.429194061085315,79.39263627848726,train
447,32.89742130369902,75.13357029855696,train
448,23.58276944452975,70.92856209189695,train
449,11.174553808188096,78.86776032322652,test
450,12.881680533259061,75.95863454344007,train
451,26.49944517730341,75.16130065871367,train
452,23.048243664142696,87.22519983628965,train
453,18.056360286881066,74.16992692371839,val
454,26.26663103404733,73.45113226490822,test
455,26.61388801966677,90.7751466225494,train
456,21.276072006097415,77.55987238077978,val
457,16.531615256015442,76.94363288895967,train
458,27.908730688883534,75.27761707559942,test
459,14.787910550428975,79.06052401801674,train
460,26.999881176727552,74.58231005807517,train
461,30.04043517155907,77.63454576959789,train
462,20.28168354158996,74.0757726183247,train
463,27.550210051341978,76.04541505107683,test
464,25.166673337025838,83.07528859028636,train
465,30.058365216210603,75.4489508020838,val
466,17.23159605963312,80.33501972452865,train
467,26.539541398640452,83.8160677889258,train
468,23.022755391178414,81.44760302281452,train
469,15.357346663222403,77.88627244063117,train
470,25.350499808792552,75.38254390410202,test
471,19.389622583237415,75.26680966743261,train
472,29.189023302777912,75.41851176733489,val
473,26.79628754324221,94.67695960869528,train
474,18.640319676732155,83.2590720453566,test
475,22.379842255874248,76.89834882086257,test
476,17.788925681757426,75.48761864496903,test
477,25.25721098987556,87.98344712620077,train
478,22.85892362498561,87.28290935781477,train
479,25.27989884771625,74.00734672505328,train
480,19.01528999253289,79.41998196855552,train
481,24.43973291497166,72.07356588248078,train
482,19.120926086428,83.77673423228696,test
483,25.74046156269971,71.68407497031183,val
484,22.638278384515978,74.73306169157644,train
485,21.83153336585468,74.809687426238,train
486,16.764710301275926,74.08599871448132,train
487,32.64057712532415,74.84947156373798,train
488,21.103892757636086,73.66686846106731,train
489,22.964131591977072,83.75888536819978,train
490,21.57521974142592,71.34035088340937,train
491,15.614186458996494,76.28396874651013,train
492,23.414804042958263,85.28378861443954,test
493,25.640858649262608,80.75142212303462,test
494,21.856441850761506,78.80217264567995,train
495,20.45576691575476,86.34936301391747,train
496,15.823331631492238,78.35901697011842,train
497,24.057333745146064,77.0367351482617,val
498,27.708191499431173,72.70609987845891,train
499,22.366719091680206,75.66815988219572,train
500,21.123472703499967,79.53432589882102,train
502,18.831164780782,74.7345769863752,train
503,27.225926397761828,94.28530320038088,train
504,26.639059621819626,84.75026055440887,val
505,17.25771300279279,74.51657342575687,val
506,25.088264570483474,76.36987444821226,test
507,17.114442099302533,78.37512764262677,train
508,23.34902788051148,75.96928585242246,train
509,24.01467352732829,75.04226805418959,test
510,26.223872741421232,83.94944363805077,train
511,22.704959717448958,86.07724055728373,train
512,16.123986576645006,76.67927790977612,train
513,18.840198873082134,79.9097509770893,train
514,23.62462704966204,71.71959810004125,train
515,21.541647201147896,76.99514019257762,val
516,19.030584681275393,82.4423861481112,test
517,23.298755891571822,73.05022480675,test
518,28.75739128303976,74.48073780918861,test
519,23.58984158187961,85.06799602878657,test
520,16.61447431242943,79.00890473338708,train
521,29.097098942896523,75.17214019664605,test
522,27.4735848411168,81.8945602261923,train
523,22.88742174112954,73.428314679356,test
524,26.290380244124734,78.65199753270505,val
525,26.27987905183751,81.80565327828532,train
526,19.756927657001565,77.29030832384423,train
527,21.58997492232484,73.55138118799374,train
528,18.880584990543767,77.6452204710062,train
529,27.85448570055561,75.24100092092333,train
530,21.223557209556297,82.80067148374687,test
531,27.74155450867281,73.37786845965752,train
532,22.40486225705207,79.45917258026883,train
533,21.097957674035435,77.80386257262309,val
534,26.187477532300075,89.76770050878633,train
535,21.47414977514038,76.00008884520146,train
536,12.399705225723515,77.39295804779037,train
537,25.30087447741825,87.78143209266656,train
538,24.70012655794155,72.69059421064263,val
539,19.808479278714266,78.84303048247195,val
540,12.732126698080007,78.136489025688,train
541,28.198175360567326,77.50348465615055,train
542,20.109709438306773,74.61023625603406,train
543,26.382469602261523,79.54959979659104,val
544,23.936273628261684,86.41326421806873,train
545,27.147936693376344,80.59996972508254,train
546,25.806023727124906,74.8024864861798,train
547,12.529817302801435,76.41928949376837,train
548,24.79197958934121,77.46927885607326,val
549,21.567572362071967,73.60673843322755,train
550,17.082265172793118,79.07306816460681,train
551,25.658427518282657,84.47012826600162,test
552,24.207137217875022,86.44976648099504,train
553,31.31411941449865,74.78434745075846,train
554,27.990729108074174,77.16903273870484,train
555,20.79104224552364,76.99577860102373,val
556,25.183560018555145,81.23275935743024,test
557,26.564374145171683,88.1332016390574,train
558,25.198243836726927,85.70822810151938,val
559,22.355219044867425,76.83662363546951,test
560,17.640134405848123,75.10945674076213,val
561,27.992271951229853,79.45153050007693,train
562,20.808570976052774,77.57557160384714,val
563,34.03188351409502,77.72409536359167,test
564,22.339772766958323,86.2230326300507,train
565,23.589792574029797,72.43310205253556,train
566,11.132152223530559,78.31716559220938,test
567,25.390792272366014,79.61962668932865,test
568,19.191241607105717,84.76105795692459,train
569,29.15886191347291,75.46467167003836,val
570,20.147736595310022,83.38444654368419,train
571,20.53764489743556,85.97710628316216,train
572,18.665241606577823,79.309060322706,train
573,25.44689220951443,86.63304635095116,val
574,22.551285732107292,73.98441819413047,train
575,22.25102326752087,77.02038833338884,test
576,22.29026337025009,70.95085677875547,test
577,22.4411192331325,79.81428772695678,train
578,21.548839707342886,78.90106671039462,train
579,28.99166796348123,75.31684315793105,val
580,20.13132267655352,76.4592634272317,train
581,25.62558622603976,83.16720865825896,train
582,22.59850313769835,86.25098124918112,train
583,25.12416027970325,84.90946829493913,test
584,26.364905194358233,86.92572631390303,train
585,14.09172894366501,76.26098630119402,train
586,17.067193377922212,76.33607750559024,test
587,18.890510965933387,79.26926883426759,train
588,26.757586976512588,72.42678583003284,test
589,18.76836721057097,83.57478055723462,test
590,21.70748110495815,70.6011053194289,test
591,24.296560093120647,76.20910212568734,train
592,28.86657237284279,75.69067425975409,val
593,19.139079035561885,75.99414803834931,train
594,22.741778555631647,73.36053220327983,test
595,21.355403922041933,75.11231400279874,train
596,19.89034836399384,81.44993029267062,train
597,19.950439266404683,75.85353112281838,train
598,19.114661045266946,77.55152190779938,train
599,24.43901942081553,83.14935743847181,val
600,13.899256315513261,76.73539103511156,val
601,27.26642838296981,73.16090490727208,train
602,26.46604650939764,75.17774522688283,train
603,28.393332379708234,72.82865053542545,train
604,25.155904657666895,86.15814696105672,val
605,24.916682743000173,92.76742483188588,train
606,20.34716103138191,81.68228035265048,train
607,23.840764168262318,86.66754064340712,train
608,24.79791020557453,76.53429370861701,test
609,22.92959145537528,82.01492080909728,train
610,23.57952321702843,84.86098771436174,test
611,23.124471969913074,72.62676045137536,test
612,23.405595997390648,69.13605590651633,train
613,18.267628052089513,74.81105520300464,train
614,25.142848365644642,86.5364366200796,val
615,22.696567757104017,82.87599020851748,train
616,22.498797670998524,81.20854069934944,train
617,22.318114874649485,72.57708405067946,test
618,22.215568950518254,80.4595263186143,train
619,21.563202479507776,84.82256848438706,train
620,21.09106838592854,77.24293057435031,val
621,20.68938811477248,84.15834696624026,train
622,24.798779724723982,86.96655668183908,train
623,20.28954498362361,83.41141741208928,train
624,19.889550214473108,83.01815606677805,train
625,19.87123671578973,80.59247778208666,train
626,15.391213578222908,77.20314065952242,train
627,19.731956681975802,82.37522400215761,train
628,18.957361783955463,81.67069529152238,test
629,18.564260841004533,82.0828469310599,test
630,17.58173804138228,82.70910211880755,train
631,24.68154549492262,82.209010973514,test
632,23.46486194426444,91.38353982025468,train
633,17.09855432102859,75.40120698040076,test
634,25.5181352655385,71.82057004421479,val
635,17.248295336669713,77.62911570172392,train
636,25.791928546588203,71.76036918145125,val
637,20.856827357679066,77.81172595498087,val
638,27.99259745109995,72.22858493399364,val
639,20.74055623954046,77.4430572128724,val
640,25.77537188405963,76.0530000882507,test
641,27.90537746487357,96.22380309671672,train
642,27.87600087229455,71.93637677704305,val
643,27.833733054757328,71.6160754577251,val
644,27.46796188277875,70.5699207546932,train
645,27.871809301919786,95.583337518195,train
646,17.449111015031704,82.40017551667825,train
647,27.207247194720374,93.80888618793637,train
648,27.191716171130448,72.79509793004749,test
649,27.171476294071198,71.92627538998099,train
650,16.054384446646267,79.64925729046674,test
651,26.01573523714589,81.57565963693244,train
652,27.582213031659297,79.30001930067057,train
653,25.54916612308373,74.32053433890529,train
654,26.68802944437793,71.41860427651307,train
655,23.723311435516013,73.27751801892529,train
656,28.05012876071364,95.84912734545107,none
657,28.621834548883953,76.03407804287124,val
658,26.091392851207704,90.93175062865565,train
659,20.498320076833288,75.17507545790444,train
660,22.48179509388461,83.79878504094533,train
661,25.817818040170817,71.09071635204556,val
662,25.06574610927041,72.31708022432551,val
663,13.283298411518555,76.33496341495959,train
664,24.24262722643745,83.3101188356121,val
665,14.265165678518002,78.23207801205568,train
666,26.64727776967733,85.34029239517746,val
667,24.60166071441632,81.87331569185692,test
668,17.223618647598126,76.84428445507571,train
669,27.633974282167557,73.61012032246965,train
670,23.18293076795456,79.72603630828233,train
671,28.582746062660647,74.67377177332129,test
672,23.948148238022288,84.07750128340005,test
673,30.57194214631007,74.93348848840715,train
674,30.88227778569157,76.06558438994608,val
675,21.72468880016532,75.60933849603633,train
676,25.338371033633923,83.3813520310182,train
677,18.574779797305386,74.91860930960938,train
678,24.81484583940298,72.91622189743316,val
679,15.208983460486724,77.58614340946649,train
680,15.525111405317011,75.51034683826167,train
681,20.332606481472627,76.40864550206174,train
682,20.30744823333488,77.39281121936378,train
683,24.264561576711632,87.86891883832611,train
684,19.207847278134945,74.34269684938779,train
685,21.30683092714445,85.80869818183152,train
686,26.249628494139923,86.76046267113578,train
687,12.931502085219153,76.73167979491511,val
688,25.35617623472773,88.6585311277483,test
689,24.872992482724253,86.96681652084844,train
690,23.42322279425729,80.34131575920895,train
691,21.809037203725254,71.90057205009258,none
692,26.25122040823505,92.6587341474959,train
693,26.55128670861761,85.61876517780499,train
694,22.039786718213147,77.35051403016709,test
695,23.16471985566273,68.81736877225032,val
696,13.390365883744275,79.59450745536745,test
697,24.807073602124987,85.92428100927604,val
698,26.740990241397824,73.46919166654584,test
699,27.09955548317246,79.23372920263219,val
700,21.27406985830029,86.45688486926645,train
701,26.133089917431136,71.1172089312184,train
702,26.71523000768668,77.77563377272618,test
703,21.96655489810839,78.97639338557624,train
704,14.69106777473072,75.75914923230744,train
705,14.114278611358356,78.18359772767779,test
706,19.79054929639629,75.56890558462854,train
707,21.78775387480143,77.17821861974637,val
708,18.247330188914933,76.84939196000815,train
709,22.846772565825237,79.69467541276998,train
710,16.647979986775653,80.73400851643163,test
711,30.791196168821468,75.96694851917778,val
712,24.791765515545496,74.45066337093519,train
713,24.92459325273698,85.12679882910244,test
714,22.640209145722213,78.13557420385725,test
715,18.156841637002344,75.88564830552902,train
716,26.24801876310943,80.50802718836924,train
717,21.315218508451977,73.82663845717305,train
718,31.76608051140911,75.19048812530592,train
719,20.78295789287853,76.58683495048031,train
720,24.12599497740705,76.0334975690475,train
721,21.60980897969892,74.27543964290794,train
722,22.216942354120807,82.90161107655555,train
723,20.099181495017433,76.2837421710597,train
724,10.707855352747348,79.50000810681124,test
725,11.739994618091247,79.63362746039151,train
726,26.109282712350613,86.27439617572102,train
727,23.00037075861648,69.63616882474469,train
728,20.616142899644295,78.15258610837458,val
729,25.490199022386406,79.6614512122344,test
730,21.51537858466219,82.74934034191314,test
731,14.481886927903064,76.02739333625081,train
732,17.033250751756288,82.01508373757284,train
733,28.274916507132925,75.91848792268492,test
734,18.406974906927523,75.87950397886303,train
735,24.13999211068119,87.77726086499514,train
736,14.0482081433506,77.21798284020555,val
737,15.938916036134415,80.02954992223555,test
738,20.756363781837123,80.01738841339558,train
739,20.117610953558053,78.76964978537413,val
740,24.295900141811792,75.26836556862534,train
741,25.76462095395554,83.99162349112811,test
742,27.600218859279323,82.06557411780427,train
743,25.8910097624786,74.76800396095645,train
744,16.68182902871975,77.1002136230148,train
745,13.832994030997922,75.94229869569087,train
746,23.725982429547553,78.73356687380132,val
747,22.181581716463267,88.33484595789173,train
748,24.93956245893857,74.60880369686134,train
749,12.620751748280355,79.53434647111739,val
750,24.531238112973146,76.24384616076037,train
751,24.69814224597825,86.96856906243109,train
752,20.19121730072548,79.0832969024155,val
753,24.166336487438173,77.45023916994148,val
754,20.09795523154284,84.57500366932652,train
755,24.97246170914033,85.6499846184465,val
756,25.59823856228052,80.19864094445856,test
757,18.864630286064166,76.86557007313695,train
758,26.50026561169691,73.96823693180038,train
759,12.741745039768784,78.55274997336508,val
760,10.246409790881707,79.11726081413168,val
761,26.607627427356697,84.69318318755067,val
762,27.59810527225677,79.54951313178202,train
763,26.87363066582797,92.9246310714707,train
764,22.156882669101755,82.57567824338123,train
765,28.017345488160554,74.1617497080106,train
766,17.148398082083347,75.15108381640898,val
767,19.165276293803007,77.11940901238553,train
768,20.846865746207143,76.9758862106435,val
769,28.201421637247034,75.56728086789576,test
770,20.7500764734215,75.02678540830543,train
771,21.203897049733698,75.76878678932292,train
772,20.74762393240081,76.64609476009134,train
773,17.851344222081824,76.61541026067684,test
774,12.565985107871478,76.12797032102223,train
775,20.788915245515497,83.41743246889064,test
776,20.239861697759064,77.11880939388722,train
777,19.906633078901354,82.0504450649472,train
778,28.6902371787083,78.14387079353523,train
779,26.155162421310465,81.00744798192865,train
780,22.166313694292413,86.6903084503141,train
782,25.6995181168793,81.54184948928533,test
783,25.832778351444286,84.2341915641513,test
784,31.591609271345547,75.42387174853195,train
785,23.27358873395155,86.85566642609203,train
786,16.48324742407312,76.00862476112708,train
787,22.855021863453132,87.71657974759016,train
789,30.201569254116865,76.32287494535827,val
790,31.446880243184985,75.57324114494911,train
791,16.507562883484002,76.85953127620019,train
792,10.823261407516188,78.5762785007981,test
793,10.989242510355956,77.89271851172849,train
795,23.62363716055205,77.28434669383464,val
796,27.08230759506413,78.01552251056577,none
797,25.87315995728228,73.77598065553366,val
798,20.27303739202557,74.1833313284269,train
799,19.315414238345486,75.17798107064691,train
800,30.08115567562501,75.9439169159599,val
801,24.247501057693327,86.73349946074526,train
802,17.081988740892847,79.96713572347734,train
803,12.967941859314413,79.57575519770488,test
804,13.883667286768606,77.49461160205905,val
805,20.890698684215366,86.41510824438106,train
806,21.5794157839224,76.8012284380479,val
807,19.155073826485538,81.86864219476621,test
808,16.174191556162704,80.00280326992986,test
809,17.666884576552263,74.36878486501466,val
810,24.30881815498604,75.10217365085235,test
811,28.87378715919355,75.63468025256435,val
812,29.440744053581824,74.62414790186294,test
813,22.96202693316902,81.91201070530195,train
814,19.422735883971495,82.8101034285297,train
815,22.572314886604108,75.89527886722044,train
816,16.874319493619293,76.8452970401775,train
817,18.46777479340643,83.78420170308421,test
818,25.39804723002705,75.32846345085595,test
819,19.43939501314821,81.65094093485187,train
820,23.38837051283729,77.39151684061915,val
821,27.983023759262338,76.2703866940672,test
822,17.416483724765953,78.02606272762264,train
823,15.724228158145106,76.21728981784995,train
824,31.78922321039764,74.7601411930563,train
825,14.963567884356875,76.1082149349333,train
826,29.973972236157326,75.86733717636383,val
827,22.69749519139399,86.52605859946951,train
828,17.456713771645447,82.77003068364846,train
829,26.12595535630828,83.33446894880586,train
830,28.63081523927777,75.76009194012862,val
831,29.001032072861925,74.60882559126134,test
832,23.43198498083704,75.81786024761409,train
833,14.329956403040018,76.4960350792496,train
834,20.22507975474813,77.31947459382461,train
835,16.766944301129133,75.86050698840248,train
836,26.431813963258467,86.44990597071897,train
837,26.481631073923047,78.20128588840058,val
838,21.732956006840357,77.93460284123529,val
839,23.389819668601874,86.77545851444637,train
840,20.2593390122478,86.4660558504682,train
841,21.53038797217607,74.84244325819294,train
842,25.09033802875457,82.8931108867387,train
843,23.84828664769176,83.85352143407205,val
844,31.24847251295835,75.57327433986188,train
845,15.192440219092006,77.3028977606966,train
846,17.130691018765855,79.53368562165944,train
847,24.982347486901197,75.5504810964738,test
848,24.66558634115405,79.53579958490525,train
849,27.989757016510676,76.72776032752789,train
850,22.740521094848233,71.51138314256782,test
852,22.96759635749732,87.91994904295713,train
854,20.407586285991453,75.16817555106161,train
855,25.906710195656885,77.94400594932263,test
856,20.06609492246762,76.08967142786734,train
857,24.526012017303838,74.85109554072203,test
858,19.26569080727106,76.12492410364182,train
859,24.565787211381945,74.61808551473153,test
860,22.28089926767888,79.80238736807063,train
861,25.083912490358852,72.51681472305407,val
862,27.848889565533533,80.42387704407814,val
863,21.189841968502968,75.29474540011364,train
864,16.500013628693676,75.6185772234326,train
865,24.33110913582784,79.11746696129406,val
866,27.87577792826796,80.43974410920767,val
867,32.35624252481257,75.61662745666669,train
868,15.837917342420043,78.48505696112149,train
869,28.89081642084888,77.49245553035095,train
870,29.333181583988942,79.06112863170142,test
871,21.955594436535407,79.38349692772488,train
872,20.699652956381133,80.14141393909566,train
873,27.558022401713195,78.52608739621833,train
874,17.49178015039352,80.81938582332032,train
875,21.067591208017078,86.63644794712569,train
877,22.75714906972869,80.4753026910936,train
878,22.84765094880545,82.00965765733373,train
880,29.856657753253327,76.16028905171581,val
882,24.650880258998534,81.1931552988815,test
883,21.98066351007445,75.1366423704524,train
884,19.62241883649864,84.65176386678809,train
885,22.139848917842183,87.36833500411339,train
888,21.93931423283896,85.7919845130135,none
889,19.53212653935352,76.46854897522836,train
890,21.590848909006613,82.85236588952736,test
891,30.03218135907013,77.43090415749779,train
892,24.197077487585826,80.28271470689144,train
893,30.190996693193327,74.19320970193769,train
894,30.639479672425022,76.62782158656485,val
895,25.537938157559843,82.37352035292382,test
896,28.755705725445786,76.95121346742471,train
897,25.598243041197076,81.94153398503354,test
898,14.813050946198436,78.90156902123358,train
900,24.406329769440354,74.50210262886017,test
901,23.239793201508988,72.60051228077032,test
902,12.248555092524107,76.24201734078231,train
903,20.097607438054148,85.99195445349302,train
904,24.10648644652279,73.30068119057952,train
905,12.239797411089,76.3102955274163,train
906,12.689198926413429,79.73752228814806,train
907,19.69019276781522,76.5601401625012,train
908,24.089644427389217,83.59202492772627,val
909,20.474156196494466,74.48314513496379,train
910,21.43198002278988,79.28281109369385,train
912,15.750340630921958,76.99346182615591,train
916,27.055579823462715,80.93407857366054,train
917,19.817112153211298,74.47006950554466,train
918,22.859623641024733,74.4772362713195,train
919,12.891200698020766,78.67564023983039,val
920,30.106688461402484,77.41627281665347,train
921,27.765205621821103,81.40810434485151,train
922,20.806965702653248,77.66774142958091,val
923,26.78122468687036,93.24141629204368,train
924,27.149541976597185,72.9435952494304,test
925,30.841280799046537,75.07723933815095,train
926,22.33979062114292,85.14412643902588,test
928,21.071403768485887,78.02508070212085,val
929,16.465914844307086,78.39786565821579,train
930,26.481287738190087,83.37721877518143,train
932,22.65730983069397,74.19501171365853,train
933,17.890129452452353,78.85933860912655,train
934,16.80036971225364,80.917789734764,train
935,21.45004382746384,78.66570135379658,train
936,22.73202646485739,78.75078790681651,train
938,30.28749611149298,78.01880648105292,none
939,30.64861193070373,75.89292032365181,val
940,17.70613354623741,75.07640145922754,val
941,15.339572729268005,75.85958080476273,train
942,24.517637834105983,82.12347980524598,test
943,15.999818439653382,80.33309498856438,test
944,18.040138104646527,83.25882454213675,train
945,17.106709947471973,76.83704598284376,train
946,20.156079643376287,85.73077577911549,train
947,24.690271946193533,81.44284739516448,test
948,16.866578493375357,78.6622919935262,train
949,24.42557967842507,75.20923389140897,test
950,12.696993442496922,77.73580914171906,train
953,26.200297432684845,77.1935559757927,test
954,21.081664175195147,79.55856459500453,train
955,25.27253239196359,83.96878311892779,test
956,11.20796587296219,78.0119326266409,none
957,16.417685232843336,80.19586744764524,test
958,22.259009543407565,69.58557690954716,train
960,23.108160608227703,88.28617505897427,train
961,15.38419940621224,80.0362889771678,val
962,20.21603667047922,82.84348979224826,train
963,19.750131939611414,74.1264741108235,train
964,18.124031628444506,77.51802047682416,train
965,30.53328175544149,74.43271031738492,train
966,16.106123345766928,75.13337540241331,train
967,21.073031309464675,72.93520406745236,train
969,21.423837714042737,78.54399240193955,train
970,28.53997887062349,76.51634455775594,val
971,29.75734022119534,74.13546902176574,test
972,20.40611926524405,86.54402021681639,train
973,21.908336873588876,77.56790680699702,val
974,28.168085397497677,72.62003269737352,train
975,27.367716892731465,83.06966212006881,train
976,24.01612718564333,75.09401146906373,test
977,14.365499920712676,75.00940011814285,train
978,20.86281595590161,76.99292302297386,val
979,16.449179880259745,80.80315931191832,test
980,19.925223001989536,73.30070648908908,train
981,17.25166200350165,79.43666129859636,train
982,20.78244065411931,86.14595248373415,train
983,21.007308646029,75.27493992757917,train
984,28.84068280991786,77.23631314967992,train
985,13.398378885921748,78.00959543552922,val
986,26.43977347765239,89.2666837309631,train
987,18.857946120177875,74.55429359782094,train
988,22.993213909651264,81.21165696456937,train
989,24.573167048903045,87.7586006805743,train
990,20.975644578484907,78.07780868089048,val
991,20.554049963028206,86.64284873256467,train
992,30.11379629213245,77.84899181587292,train
993,25.913916144876577,86.71663077458355,train
994,19.806802722714256,81.65805631301417,train
995,23.08327882863871,73.71672455151409,test
996,27.165086349437185,74.19453159950048,train
997,9.29754873003333,77.50192698855427,train
998,19.96537275501645,74.41170165293144,train
999,27.39052518814797,76.82498676928839,train
1000,26.445726351750075,80.43380570184668,train
1001,27.109200490610572,77.11847754666556,test
1002,14.648880227889693,78.30171304126219,train
1003,22.337730498563342,85.04419813537848,test
1004,22.189452028482805,80.32597857664273,train
1005,17.698258795686247,76.64395439118827,test
1006,14.930503701501728,78.46944446803498,train
1007,21.231842220787502,80.46811950280329,train
1008,22.513691076184166,87.82016463081146,train
1009,21.955741600494232,79.75077513902332,train
1010,14.500097899410315,78.80787817857035,train
1011,28.156059145665733,78.49547926767681,train
1012,18.84211186628634,83.43463462773067,test
1013,25.9595951794404,74.80309858966329,train
1014,22.999215817376733,87.96787239985576,train
1016,27.12330910745075,77.13425226138428,test
1017,25.791932983846298,81.2022479297077,test
1018,15.421325853227241,78.03693728736549,none
1019,23.45655459944204,86.31756045167164,train
1020,28.474488060839963,77.79431324005705,train
1022,22.77444148711925,72.95305199238176,test
1023,30.030745526971828,74.17414178019737,train
1024,21.651751262464565,71.02006958210829,train
1025,18.17276514582238,77.979195090427,train
1026,18.724208772343527,75.45197385917129,train
1027,21.173749033254627,71.79284972982984,train
1028,23.27388753515305,82.71054396113033,train
1029,22.64802593778666,88.81980695064838,train
1030,27.09020020365247,77.84259320153626,test
1031,20.440476631896626,79.11823197819203,val
1032,19.223873295084907,76.28544138975657,train
1033,17.67383181202511,79.77516799790581,train
1035,20.011925831555548,81.60838833842179,train
1036,18.664416682858764,84.29185609205301,train
1037,22.80777326499938,83.61722979069032,train
1039,27.322162693102,83.76776619520778,train
1040,20.649465771770554,81.5195390804421,train
1041,15.726711883658217,74.74291915064526,train
1042,25.18311848650424,86.67586370817564,val
1043,26.833356040077373,76.2932011076704,test
1044,14.656500872805927,76.81091025670392,train
1045,24.90636891695347,86.85021646816625,train
1046,21.85696807345849,82.29226628920216,train
1047,16.74954048101915,74.0609708600393,train
1048,19.834346596786187,78.34417993385378,val
1049,12.365218548713408,75.96749649814062,train
1050,19.665413531495734,74.25180375142351,train
1052,15.356477146011105,76.87595163854475,train
1053,23.437474101105146,75.11067742482184,test
1054,19.84898134307221,85.79271906861318,train
1055,23.53291227956181,87.17721449988724,train
1056,24.474906282362646,82.04916878538607,test
1057,26.64118218550228,74.90752155869814,train
1058,14.064354544565447,80.0264486492016,train
1059,20.715210767908108,78.2102787565345,train
1060,26.980002522454683,77.03191904703894,test
1061,18.3481594222435,75.1618023571625,train
1062,21.991699781707677,70.11925686528633,test
1063,18.992628826703612,78.33201640711295,train
1064,24.36337972367763,78.6447767558581,val
1065,20.69564864746065,73.03894479809469,train
1066,16.41615128643801,74.45175165907872,train
1067,22.117589144462197,82.1104415414174,train
1068,23.965543123285627,80.5770250542992,train
1069,25.490158825645672,82.5337320898088,train
1070,26.768297753515487,72.0697799731607,train
1071,12.830704040925546,77.1007910953313,train
1072,20.80545851445105,82.85076852774158,test
1073,27.08144705323038,76.06751531850699,test
1074,29.316526871269346,77.88573839524463,train
1075,18.449434482850656,75.10986467494847,train
1076,29.99972804665882,75.61737881401284,val
1077,26.38340152217584,73.87677173165956,train
1078,27.638130162286696,79.3160833108656,train
1079,22.198512920451204,74.94192557443655,train
1080,27.65792855637629,80.14156767507707,val
1081,25.74771651093598,78.81008304493452,train
1082,17.083393373780545,77.53322900897669,train
1083,23.96575720047571,73.01806393668231,train
1084,27.181063366338496,80.45100956296912,train
1085,26.981572118791536,73.99353676828761,train
1086,17.90002416590688,80.32037602516459,train
1087,27.60989067798572,81.92398809739903,train
1088,14.073745360678036,76.04291041686321,train
1089,23.11662399578928,83.01042887833472,train
1090,25.57271017836582,80.40401215778898,test
1091,19.48107875877616,77.53707370046862,train
1092,25.964165776367164,78.09882840892898,test
1093,21.35583196263452,85.06040332824661,train
1094,20.826260197986016,80.23231580772547,train
1095,27.658240714789976,73.75380748260896,train
1096,23.681070326764626,79.71712392506855,train
1097,19.867428665394726,78.55163708102317,val
1098,24.307025562689642,85.00133790168903,test
1099,11.19050847939315,77.04420143566327,train
1100,30.10723247326645,75.9559083338157,val
1101,21.20051254966352,71.18471975080381,train
1102,27.50955198141117,80.26055440114986,val
1103,21.839153908577323,73.13404138061387,train
1104,29.390191226450753,77.45076997330186,train
1105,29.86717678498791,76.90640672721314,train
1106,18.3567832455035,74.27570253183067,train
1107,19.94080314147216,84.54346796938124,train
1108,21.224346483730105,79.37608177481931,train
1109,24.09107133610517,75.37630520472855,train
1110,25.348783043015967,78.45114144547705,train
1111,25.892530326723136,76.63619324791152,test
1112,24.848904471460234,71.30115877857229,val
1113,23.623489969833003,83.28465563190943,val
1114,26.575044756097856,91.08638306883851,train
1115,14.940933552055519,75.910802837048,train
1116,16.974774125054985,77.55291851692391,train
1117,23.473115722585497,88.58149810033831,val
1118,20.8814817190429,75.24945756567347,train
1119,20.823571371936602,76.167475398505,train
1120,22.032438096941828,72.95291363945222,test
1121,18.07488340394131,79.04535068473055,train
1122,29.03393133208748,77.33180696721288,train
1123,26.248509260025465,92.54896893181066,train
1124,21.19770331762366,72.96677736259183,train
1125,15.182719377907848,77.79423774003435,train
1126,22.898859315746602,83.60849491376186,train
1127,22.582120467528664,79.793383959932,train
1128,30.257334723876554,75.60926424176789,val
1129,26.058752230231534,90.00815834193659,train
1130,20.774597079016182,80.84211103920681,train
1131,29.281897483304558,75.50006096827178,val
1132,25.265420155858287,83.2084714041418,train
1133,15.133423992874885,79.20821243837527,train
1134,26.556347770103464,91.77443763440536,train
1135,20.298752997684613,77.86224372075598,train
1136,18.340351513435987,83.47632747493213,test
1137,14.524181463973875,79.76938839295617,val
1138,24.26572090820052,80.77423914504969,train
1139,22.23186695725978,81.50884065889646,train
1140,19.49968654150479,77.46812137462719,train
1141,14.76512450357659,76.3274977617208,train
1142,24.06512827023901,88.31684625459127,val
1143,26.26723751219961,75.18665007076439,train
1144,27.88424578037723,77.79813559353511,train
1145,28.725223287299986,78.56818116652622,test
1146,24.716585100905405,77.9969228399364,none
1147,20.95886943874281,75.13713090159895,train
1148,22.71678085253312,71.7431383572682,test
1149,26.979248909822804,76.07506738224923,test
1150,22.089670669082626,69.50999659645628,train
1151,25.667055882415198,72.21165246526441,val
1152,16.93907010393712,80.14796599544398,train
1153,29.64945666725052,75.59185274983362,val
1154,24.782981103699022,76.29415915252359,test
1155,24.682093979977,72.60117770288727,val
1156,27.217940156129828,94.46657553028494,train
1157,25.865436838504753,78.50680677468365,train
1158,30.58130184400459,76.67760669899474,val
1159,23.915552126316854,72.24999758760853,train
1160,26.340103648735013,90.7668343773304,train
1161,19.989113037994322,76.32449812983863,train
1162,28.415850820032787,76.92414020528634,train
1163,17.65400665094575,77.84320579743252,train
1164,27.91671696131341,80.79166011855929,val
1165,16.75670625060003,78.86773855262003,train
1166,26.64057122533875,80.68412669950462,train
1167,18.988575512681514,78.7011409510087,train
1168,20.081915812847345,82.49883855674595,train
1169,29.36579542915837,73.31765013264297,train
1170,27.900909387382914,81.01789029592292,val
1171,19.730271090044965,74.26032889437965,train
1172,29.39077535960472,76.41715912963885,val
1173,23.225430451981328,70.51125096810419,train
1174,22.10621398297832,84.79150810616287,test
1175,28.86546649154363,75.08534230067475,test
1176,16.78432142574118,78.53745109200871,train
1177,14.690590645497231,77.185802960312,train
1178,26.357980204395336,73.72042045010937,test
1179,21.14119761388954,75.14332293558657,train
1180,21.84251609006168,70.195190503763,test
1181,31.882578973321504,75.17454729228425,train
1182,13.800085894153035,76.10202091761194,train
1183,27.846151681821546,95.96791136150156,train
1184,16.99792130601409,74.06963232325778,val
1185,23.975192647697373,76.07738523581273,train
1186,16.748327603761574,78.60990928599833,train
1187,23.71834845815393,87.5173547640177,train
1188,12.900975055151054,77.89159153281778,val
1189,23.373392408067517,75.26780440334505,train
1190,18.241983729494766,75.18472527985085,train
1191,20.92271060284449,82.53396202507847,test
1192,29.64990710255269,76.78667752309649,train
1193,22.173448285432958,85.83392850175218,train
1194,24.86676762014313,72.29861785689667,val
1195,23.231450297831906,85.64951477464484,train
1196,31.907277948512412,74.90970444571485,train
1197,25.892851331603328,81.31091400484425,test
1198,23.724082868839695,74.83383782908862,test
1199,28.26577977879304,77.08355833672259,train
1200,29.89289244584743,73.59898585052142,train
1201,24.448200738231982,75.06797158602893,test
1202,31.182830078143514,76.54859624251667,train
1203,28.049740857585732,81.43311688550914,train
1204,22.19820078625788,82.50022213016695,train
1205,30.191121578281003,75.06587367157994,train
1206,29.457180285774264,78.74168891358052,test
1207,29.59943450950757,74.32639331123546,test
1208,30.12453828973258,74.76716289780501,train
1209,21.033800163784992,77.27727046953531,val
1210,17.247880663575057,75.43522900649072,test
1211,27.033855088882394,75.65825571732194,test
1212,29.623856994474085,75.83257163351128,val
1213,22.550612371402497,74.66094382035801,train
1214,34.52095327833849,75.12506260104692,train
1215,27.123719347341947,79.61720893077579,train
1216,27.68310462267921,81.85616017980713,train
1217,22.1477995090348,71.07456061903727,test
1218,24.22484874803897,78.17085098905146,val
1219,27.508602152623872,73.01050680684874,train
1220,29.499073553540768,73.27524898679205,train
1221,18.12510179911851,77.61903242869826,train
1222,17.24968211811707,82.09515949537786,train
1223,26.208194513726692,91.37548539479369,train
1224,21.982366843317614,85.62273563688647,train
1225,26.60613363264776,85.42556398053496,train
1226,16.449688230123762,74.99377108897878,train
1227,15.318088783556853,78.35988942848695,train
1228,26.056870482569863,86.81694501331802,train
1229,25.13244087653572,85.83978744623658,val
1230,23.17865449542465,80.54272537951564,train
1231,20.237761442083254,86.24153711317504,train
1232,12.298809090308225,79.59428250331696,val
1233,21.931381524848227,69.66750139726885,test
1234,16.831975857219682,75.27035847462301,test
1235,12.8973186114935,78.13383688978442,train
1236,25.308744741930305,78.91798676699864,train
1237,27.20052289163177,75.15784494083421,train
1238,21.634971678803087,71.70347729811594,train
1239,27.64201401852396,73.93422921251931,train
1240,18.89905459360843,74.33445249130935,train
1241,23.757066826142122,75.22394370500379,test
1242,22.2846716154285,79.13356215778406,train
1243,17.724161706954426,76.09340523744709,test
1244,21.29917911610096,73.93373819634081,train
1245,13.748070478753435,78.50391383648258,test
1246,28.76624698230162,73.06906988541934,train
1247,22.30845197861944,87.10909033418089,train
1248,19.093038870640346,82.67787563161987,test
1249,29.948599949554342,77.05116944108927,train
1250,22.50751523408494,78.72808048703924,train
1251,25.489498894405926,86.68587322255492,val
1252,22.198994481921293,71.07533645926787,test
1253,10.18912372323807,79.14509215597604,val
1254,14.006778639996009,79.74551053895841,train
1255,18.35798276652139,75.83420743557099,train
1256,26.390170417200576,88.75240325974525,train
1257,18.5733707176358,77.62725907640801,train
1258,20.75029050841536,77.6427839504114,val
1259,11.639018235800526,79.71858652527021,train
1260,24.824281321301733,72.14357477529316,val
1261,11.148860475180275,79.73432972394562,train
1262,10.904078149543137,78.01813850409269,none
1263,16.076233996981163,80.9181824446953,test
1264,24.457123353357826,74.42424150586731,test
1265,29.18342265211616,78.18371688023205,test
1266,20.856546442530707,75.92686847538245,train
1267,9.433399690762174,77.53454962398921,train
1268,26.723046817070788,76.35864217777588,test
1269,18.11676328642223,75.99161267611866,train
1270,21.256122024018268,81.09224889633822,train
1271,30.54149991187857,76.19524914927905,val
1272,19.731519707709964,79.18314961888322,val
1273,17.597920102061458,79.0866700054763,train
1274,27.126194107731692,72.84989893555982,test
1275,21.932059319800373,81.45384185324329,train
1276,14.912863511744169,76.49238701090847,train
1277,19.757422610489908,79.49602504685272,val
1278,22.639758810637986,79.22475411539696,train
1279,17.440237369732866,75.23397710139027,val
1280,26.257351601185388,74.7191632541246,train
1281,17.8409143787413,74.8267762398956,val
1282,30.00013382717401,74.7861177429342,train
1283,26.64798676495997,81.54214151190574,train
1284,19.931385516828595,76.934449703272,train
1285,18.65660877924752,84.21747445204535,train
1286,15.563731703965695,76.50720323702319,train
1287,26.990789081324078,72.86785785532672,test
1288,27.214635885231967,83.74864921358449,train
1289,19.11697971636966,77.65018834202789,train
1290,25.475528525861954,80.3777854954931,test
1291,24.799377167903096,78.42897450395242,train
1292,22.065109999367753,69.41998730928822,val
1293,23.02438298055115,72.75921404317178,test
1294,12.916260839612924,75.77614002774148,train
1295,26.89060199155097,93.65310390888405,train
1296,21.36629747927136,78.38610511028864,train
1297,27.715366249055773,80.63420675127416,val
1298,22.95964574430903,78.35283240951532,train
1299,26.75447008576181,72.59187091662073,test
1300,24.32311849271008,82.21711819665578,test
1301,26.542796548570266,90.48516193848585,train
1302,18.09792356692299,78.09268882385061,none
1303,33.78190189144823,75.09932223405056,train
1304,16.747217236283177,76.98741644310832,train
1305,26.08183248610476,75.51973404210987,test
1306,20.174259361958672,78.3680584997192,val
1307,23.59896044510909,74.9249628231856,test
1308,18.264350573886528,76.11101270111162,train
1309,27.756563873279877,76.558855490704,test
1310,23.971687817326327,82.16243987202486,test
1311,22.007315567040802,74.18575026284171,train
1312,10.992047260880316,78.13352324654177,train
1313,23.182302047612637,88.34437269036638,train
1314,31.14836126076987,76.57371013898927,train
1315,14.646463387647874,75.0863535127705,train
1316,13.198673576031391,79.25098326224277,test
1317,23.717398612125503,72.89123564729468,train
1318,22.615438818067627,84.80904019560646,test
1319,30.15702276932529,74.10127663619983,train
1320,17.06601620023057,81.65269052109299,train
1321,22.60853615041276,77.01036317970623,test
1322,17.957640265716382,80.36065977531837,train
1323,29.448284365062186,76.90735827538566,train
1324,16.550267651952268,78.625773934159,train
1325,21.47357009358504,76.7674242113443,val
1326,22.4384660331148,73.93099018939944,train
1327,18.48127696467229,77.23397740101504,train
1328,18.83256933965696,78.42707818830638,train
1329,16.85562248739895,77.99253103719684,train
1330,25.179243612041105,81.81933224695294,test
1331,17.289510839040148,79.70716558389742,train
1332,28.931282838171487,76.35009556609641,val
1333,17.130878275292197,80.54208466555833,train
1334,9.45852224423716,77.64278903703338,train
1335,29.00718114544259,77.6506138064367,train
1336,22.474366264777608,79.18709440143716,train
1337,27.79861318411307,81.60903638025768,train
1338,22.173341297051298,79.70847487318956,train
1339,12.205275052225954,79.68584551749622,train
1340,25.107197899961466,76.0439124334119,test
1341,27.359422923286854,71.04199171217681,val
1342,17.106500402802617,77.14525462121748,train
1343,21.790661224798907,70.30315858406219,test
1344,27.981106372819525,77.68401999973086,train
1345,16.23332815707989,77.4924996644054,train
1346,26.28440503429141,76.23578992250326,test
1347,25.29980877362257,83.96854395106702,test
1348,25.00744336203823,81.69190910093356,test
1349,28.62549104586345,75.97659108826693,val
1350,25.055048649793,76.91917671413776,val
1351,24.88941538804133,85.38484628189111,test
1352,24.8006971473555,81.22775155360898,test
1353,23.33499500495169,70.18334505331279,train
1354,14.183158366532993,75.37665696862537,train
1355,25.606871352500445,72.33468981038226,val
1356,9.534719377202675,78.01679803982277,none
1357,31.28278528925169,75.4262662902042,train
1358,10.564722705381172,79.60218500508266,train
1359,12.931974709221144,78.07644213856284,none
1360,27.32425846648405,82.54861202383691,train
1361,15.556392028252597,79.49147937100764,train
1362,19.07217023381552,75.14176890954067,train
1363,23.799704728662725,76.37862813860212,train
1364,25.57349945890464,81.4080632093935,test
1365,27.00000156701445,80.15837123789558,train
1366,21.55713811428984,78.94579964990001,train
1367,19.25732997590261,82.43575649774918,test
1368,29.2906150216598,79.17647715187454,test
1369,25.63463820074548,86.20337899870924,val
1370,25.274695101629863,72.23504199089021,val
1371,22.53504569505179,74.45023057227971,train
1372,23.497449046483013,71.76219023847393,train
1373,18.938428450671026,75.0337392585035,train
1374,25.93185960728321,78.00589981587555,test
1375,28.297872005002144,75.23377651338528,train
1376,24.574638533944146,81.09537494882419,test
1377,23.45837837544672,68.787309154394,train
1378,15.301603449889445,75.68549550480655,train
1379,27.745705968907984,79.85099314748201,val
1380,29.16536334341493,79.07591385711757,test
1381,17.77182947624187,77.67447439579853,train
1382,20.36536303914493,77.4525630676562,train
1383,22.839339245417136,75.40788366214531,train
1384,22.714560171879807,76.72904211327109,test
1385,18.608860763291865,77.22508573684786,train
1386,26.716973528689717,73.07689167362487,test
1387,19.758680094276496,79.3325184301355,val
1388,12.617532287793686,77.45959815685953,train
1389,12.249799123531046,79.88145526669831,train
1390,17.83336060136188,78.76063590290428,train
1391,24.18475258110025,78.50774422150839,val
1392,27.431504297744194,75.08365864990694,train
1393,25.054812358132786,82.31167907288484,test
1394,27.850124723318,73.6436893674614,train
1395,23.79805487474373,81.78387027197127,test
1396,24.75990526628225,74.59368354445087,train
1397,22.10752939164751,75.07806554336716,train
1398,27.167485393270677,72.78557613218581,test
1399,16.843181576137116,75.96979004399891,test
1400,20.831753861308393,81.97610478735794,train
1401,22.98026467634975,73.92647685638104,train
1402,17.74022342178906,76.47724365172162,test
1403,16.426554396558235,77.04430356121814,train
1404,25.639471865726552,79.68512206132755,test
1405,21.3001868581093,71.39342853210034,train
1439,25.08985197906375,81.95875532822177,test
1441,27.958828695388732,73.15262664775068,train
1442,11.631531440004823,79.33386464173843,val
1443,22.192100724419664,69.56546323781332,train
1444,26.09940578701847,83.38373142897731,train
1445,26.26719732237078,79.45633276845089,val
1446,14.548920583072169,77.0828098971988,train
1447,30.34078679870605,75.87650449431248,val
1448,30.057143384192624,77.19211136300885,train
1449,21.633304022125888,86.0182659330307,train
1450,23.5845441985138,88.5578005478845,val
1451,26.6170093584841,76.95923739821511,test
1452,26.54046892908288,91.20100830770276,train
1482,20.8064082730716,79.72564312104744,train
1483,29.82274628605626,77.10206009056597,train
1484,24.579485521204308,80.64545554299927,train
1485,23.744924702925385,86.52248629324646,train
1486,12.75499746632952,78.40816742246326,val
1487,25.566623528980642,84.19258097031828,test
1488,25.331071495591818,80.6905126922736,test
1489,16.80602390549645,75.36844699543036,test
1491,24.266933821699052,71.8164758610135,train
1492,25.25121348698784,79.19806448462029,train
1493,21.833152012615,84.33255244761621,train
1496,16.781128751708643,74.97558828344627,train
1497,21.31636894901465,86.55140094529847,train
1499,19.400605340515106,81.7356803379679,train
1500,27.66491596534848,76.11949785524051,test
1510,26.63995590009602,83.76970882467872,train
1512,26.240781640612287,82.94172954863345,train
1513,22.289969055439922,70.40905393658821,train
1514,20.798011836072646,81.02589988072819,train
1515,25.148453491356445,85.24964158625609,test
1516,27.340859697023287,75.39149862932226,test
1517,25.4411756540361,79.84295996865353,test
1518,20.70689456131911,79.99932421783669,train
1519,23.32610808036448,83.69557728589483,val
1520,19.157330188268595,77.94514599525884,train
1521,25.514804271578175,82.0265512832028,test
1522,10.60762369984871,79.6431178929595,train
1523,24.93909423018673,81.85073587404645,test
1524,20.787483897051874,80.94128040015399,train
1526,14.840238115982551,77.10945926103611,train
1527,22.690828879083572,76.95926318284654,test
1528,20.61733793702201,85.35340117241805,train
1529,15.834078083754887,76.5354448227353,train
1530,19.23436114386332,82.55002256618326,test
1531,20.98113370126714,85.21574086689857,train
1532,27.909698307766398,73.75916424896974,train
1533,25.07534209112789,79.53741617727323,train
1534,23.031825223545308,76.59927516082124,train
1535,28.32274486355475,75.25248849840422,test
1537,19.60862242801856,78.41929752734947,val
1538,29.10732363041977,74.42518609155225,test
1539,17.881728517887172,76.53489018855811,test
1541,26.751687610931,79.811410507366,train
1547,19.425924122588587,78.93640190336329,val
1548,15.548477155832375,75.5086509232093,train
1549,30.05935066104585,76.03476504604672,val
1551,20.92558668166188,77.20366417587024,val
1553,23.684084732156172,86.6422549502936,train
1558,29.20033161697485,77.87840883928337,train
1559,19.049094428834294,76.59420686214088,train
1560,15.539594615680633,78.46641325580785,train
1561,14.948750344985747,76.97603254550056,train
1563,23.116722025120183,87.25369641756792,train
1572,18.965035921891197,77.10960036261358,train
1573,21.86492309860116,72.99237330859694,train
1574,19.09201773185789,74.00153081614022,train
1575,18.623624801524066,77.08614798309013,train
1583,27.981538905084985,77.60939249715754,train
1585,29.632516556233202,76.64096086895587,val
1586,25.81650706736357,79.35050534676229,train
1587,11.973165440493135,79.70052172041723,train
1590,26.42192368556945,92.35038126042105,train
1591,24.19155265713945,88.21870264656911,train
1592,16.12319726790658,76.142736577185,train
1593,15.28261662346457,75.26243478919515,train
1594,30.847902538119396,76.5329073831105,val
1595,27.882506739693326,79.25914695518789,train
1598,25.16755630598598,79.56818317635378,train
1599,23.698179951285248,76.8598953424012,val
1600,27.465736810524263,79.05880041267781,train
1602,25.49967008965291,81.2407836607613,test
1603,23.183046720853586,74.57409329349572,train
1604,22.737694016477427,72.71962124893552,test
1605,23.007969076659236,69.90163196276275,train
1606,24.189300856973013,88.18226279127356,train
1607,17.132126837663026,75.65168597854213,test
1608,21.581351011164216,80.43383496019901,train
1609,21.182716264206558,71.27485756079932,train
1610,15.324215579223681,75.0755469135228,train
1611,19.997317779235694,76.86212248629974,train
1612,18.896365755777946,74.54320548168941,train
1613,19.89028595965402,82.89450063517955,train
1614,25.48104000147953,80.60216642126177,test
1615,22.54829816406745,80.88232174796309,train
1616,21.31509804666516,79.66703051933129,train
1617,23.94262786187479,86.59181953829955,train
1618,24.64176580992979,86.00374575747709,val
1619,26.214958989318447,82.76706490798307,train
1620,16.748777970703912,76.6608852908662,train
1621,16.131883588327845,74.68487295827771,train
1622,18.80786149535559,77.5260429054429,train
1623,29.71548710078394,77.25866472504579,train
1624,25.606300619142786,87.66731793801794,train
1625,20.06329907228108,83.39709918904762,train
1626,24.415524429185766,81.63354203591244,test
1627,15.596996626092196,74.60973330944792,train
1630,11.873687325672051,76.65110298373982,train
1632,25.08463482459341,83.94350216430037,train
1633,22.198990009417248,82.75353912370531,train
1635,16.964482467699007,75.68605853556043,test
1636,18.39930085144604,79.24351725347832,train
1637,21.300467757958337,86.54036161747206,train
1638,29.47541351568207,74.85966461219923,test
1641,27.730143695383468,77.30722498302828,train
1642,26.48816366812433,80.46644603310975,train
1643,20.282174111791967,83.27609326154432,train
1644,26.16503936678402,79.03355435215288,val
1645,21.950533336719122,76.77720201018609,val
1646,25.54876484876243,82.34092762777328,test
1648,22.69088237712723,74.31135536296662,train
1649,20.40519625013621,74.28579097998282,train
1650,25.94001528636869,78.74233727748233,val
1651,21.431721400402274,70.7784806224303,test
1652,23.09851110224638,86.98476957214775,train
1653,20.25711841731617,75.48480155277163,train
1654,30.9841325380161,74.7603426035051,train
1655,19.473373434713167,77.13463152242542,train
1656,22.233396433922614,79.6698446883547,train
1657,18.1556511145433,76.82609501581189,train
1658,28.29894217771296,77.08342938791299,train
1659,24.09024635133518,75.04356260441723,test
1660,23.14813641301113,88.17749852263962,train
1661,23.315540008084675,70.21699963498337,train
1662,24.628642700347925,72.85351471657374,val
1663,26.056585096933585,79.85801841936825,train
1664,21.881256772747154,85.69495072815917,train
1665,16.799032046402758,81.97568474052096,val
1666,25.940331869064874,83.60008647304991,train
1667,22.123845225602167,69.99279382334319,train
1668,26.21630119625541,82.23063934081307,train
1669,18.87820381426664,79.01811531606201,train
1670,26.38509599653071,72.64265298791469,test
1671,11.067753884518783,77.31190852674848,train
1672,28.06502217256115,78.28395062191781,train
1673,27.34862298950993,77.1751604690697,train
1674,25.997662548701463,76.26738290121878,test
1675,18.765352906635272,74.90190055677671,train
1678,26.35716865708187,73.86936360701472,train
1679,22.809998321047093,83.66637332413966,train
1680,27.989846193719625,81.53307476696925,train
1681,26.36604673752667,76.48441131857967,test
1682,23.432029577532354,87.4095431676139,train
1683,22.083896149783676,75.26599207734081,train
1685,21.950698322401813,83.98598092053473,train
1689,29.34881520304561,78.27731887336192,test
1690,27.24299133181253,76.76067288010053,train
1692,14.432141193318527,75.21644600369092,train
1693,27.215563441253657,72.58459862458899,train
1694,25.713519690211736,82.95726920683668,train
1697,30.674844836895176,74.59337006142965,train
1699,29.715598543224893,74.26867259409735,test
1701,19.28359406373121,74.4365507584552,train
1702,31.44201980470563,76.55254580264673,train
1703,18.157978756787678,83.57764653430817,test
1704,31.873237187940997,74.7904373243207,train
1705,27.66782328416428,95.67834141623548,train
1706,23.381998462300558,71.7756723241323,train
1707,22.647923401564388,73.31022858571136,test
1708,11.021593297191277,77.07034746923652,train
1711,22.42292163845089,82.27543221208776,train
1712,21.6224327247778,78.21080016656573,train
1713,18.530880001154802,74.3507324879772,train
1714,22.63204010050895,74.98504170567655,train
1715,23.37254065175166,83.1235232284765,val
1716,19.636982298011507,73.97683082595377,train
1717,26.199182692453604,74.28601733872021,train
1718,24.364106544532383,75.94016711832934,train
1719,26.80013130665019,94.3437846304077,train
1720,22.748881884856488,87.85107595130795,train
1721,10.997255500106153,78.3181253762523,test
1722,26.74968549349793,75.65656269623545,test
1726,15.092150562884605,75.3934985426106,train
1727,25.157946897717327,78.51046314009034,train
1729,24.27366260795059,79.29104783416169,val
1730,16.556885000819086,76.81105760346227,train
1731,22.132527123991398,82.09238963856096,train
1733,22.76543409168357,77.02804690871025,test
1737,25.84915220126235,81.06783988682089,test
1739,23.54232544424025,77.11674132037642,val
1742,12.181102234465008,76.13497967914934,train
1743,22.18221934362597,76.02575607363455,train
1744,23.01482716489257,82.11537644879859,train
1745,28.259260640653025,80.77665799058406,val
1746,30.37442177509006,75.84126865120054,val
1747,20.915526983708343,83.62522964578731,test
1748,24.590169606845432,84.83089590681195,test
1749,22.379284859126496,74.6840706497177,train
1750,15.282175171841516,79.02608100280798,train
1751,20.68171400377288,83.78366718425697,train
1752,27.41410490408072,75.72633735142313,test
1753,19.53504280749103,76.68544841628862,train
1754,17.899422212928275,77.87616433523777,train
1755,25.892503570150343,90.62800083204769,train
1756,24.51775826034035,78.64869885966233,val
1757,15.737565336095715,78.00063064242579,train
1758,25.114212037841586,79.24060530741548,train
1759,29.562758425697783,78.43201698246916,test
1760,14.809412302316355,78.37579665243341,train
1761,25.610028422401925,87.35168926005993,train
1762,15.923737197434818,80.67292771485782,test
1763,26.382897644618073,74.94421809274822,train
1764,30.83426658677649,74.84171060251863,train
1765,23.69202638191913,87.81188100999005,train
1766,25.460068873090965,80.1356040728152,test
1767,12.498050695914962,75.96745026724672,train
1771,28.47604428187384,75.84398728738051,test
1773,16.842967542593005,77.98231609032297,train
1774,20.296416467419192,81.44341481822569,train
1775,25.44861339494768,79.53386297002122,train
1776,16.459199473893424,79.9505874549577,test
1777,22.92399528182442,78.50035147338791,train
1778,21.198577328315093,81.94238580127175,train
1779,21.691785120943702,72.53624031943392,train
1781,23.55579187211832,85.80732296206277,train
1782,24.734965469390765,94.09260403093596,train
1783,11.623054672125768,78.72673598548799,val
1784,15.267553742702026,78.45409075434586,train
1785,25.190364603775826,84.79369418043245,test
1786,14.140087867144835,77.70953148380488,val
1788,26.556160499634853,79.14224144567343,val
1789,17.673305686967637,74.95047420138985,val
1790,22.517071096763893,75.49376430633495,train
1791,22.007208515520137,79.1932181057382,train
1792,24.75744832346264,72.73348936532966,val
1793,24.91519345307107,87.04445852644753,train
1796,17.825253981874027,82.87718961087789,train
1797,26.98344487780229,80.52291804971763,train
1798,25.765503853096607,72.65847048384137,val
1799,20.947195503465977,85.61762462578675,train
1800,24.214998649430427,74.7255048972315,test
1801,22.89010164005575,76.34493666717883,train
1802,26.723314360676085,70.96007089206434,train
1803,22.79874351405561,74.67007557921065,train
1805,12.448153371317561,76.3752953245992,train
1811,20.93994942924776,81.50863045230166,train
1813,25.132315975270892,88.08682702821925,train
1814,20.190820496077983,75.94334967262492,train
1818,17.998338422424073,75.21727567336647,val
1822,16.081036515391293,79.95964033966679,test
1823,29.79068088745673,75.23335345600654,test
1825,22.75768418088901,78.375909074521,train
1826,27.26490781514202,82.84870318882582,train
1828,20.79003450798691,82.9009257422373,test
1829,17.425107642587527,78.79386577231932,train
1830,23.23171338682768,80.20075639700362,train
1831,15.655312726483665,75.9361118160822,train
1832,30.48136440816789,76.27528905013425,val
1833,27.36533565612496,77.60048098027116,train
1834,23.009159628503923,81.32852841452515,train
1835,18.55061596563501,78.99388147314313,train
1836,23.080603314350142,85.27308265964895,test
1837,29.99866232436936,73.80031740861698,train
1838,27.58992724822112,77.58505297705658,train
1839,20.898461993706864,70.7678411423961,test
1840,14.663020066028896,75.82387449073389,train
1841,25.457308673229214,83.84018524106665,train
1842,22.365189620956826,80.72826297769019,train
1843,22.358469748634292,70.47074838138366,train
1844,22.84496657807617,78.06108828186599,test
1845,15.891185807248375,80.64293320889678,test
1846,30.43860610124937,78.22507700459344,train
1847,25.17554255813896,82.70100864075823,train
1848,26.606584003650866,91.0166924152569,train
1849,23.092094461966425,79.04439997887913,train
1850,16.922963837340685,75.51755618177886,test
1851,21.97194593403484,78.13333761122429,val
1852,24.02195526204616,74.35268516294165,test
1853,26.45015422963775,91.07042942302552,train
1854,25.082922537516776,83.99302495921091,test
1855,25.274075263990174,85.46642105221616,val
1856,29.317382973643074,74.36612475943167,test
1857,19.66667989384627,74.56010138540556,train
1858,23.282288508207284,69.98377842219078,train
1859,21.649530688855876,71.23526125059796,train
1860,21.423289270989443,84.68657336704612,train
1861,24.901820627318212,73.80321784576546,train
1863,21.073718008583644,80.76736968065376,train
1864,19.56501689159044,76.45107557698357,train
1866,12.839595534216876,76.37548676243631,train
1867,23.165188014080076,72.78472481555886,test
1868,22.43995086951065,87.08377736395235,train
1869,16.015260269419148,80.57689101280803,test
1872,23.424083456371488,75.47570542340478,train
1874,18.857799001357566,83.35435639978219,test
1875,26.414441312628256,79.53228158788558,val
1878,26.99642984007185,77.17653031818776,test
1879,31.26482849258409,75.65827578742915,train
1881,26.97326927071654,78.11005471574319,test
1882,24.16534652168129,71.60037559881918,train
1883,29.28133565665595,74.0002870087609,test
1884,26.43176491529048,75.75916225770206,test
1886,25.642816195791287,73.05169177228751,val
1887,30.48135548608489,74.24193465709986,train
1889,29.015635590353874,79.1341245345393,test
1890,21.906731592559733,75.65174651114846,train
1891,19.139734583046128,84.74903980256187,train
1892,22.057039025604254,75.98388280228286,train
1893,20.38921922603985,85.17495705099955,train
1894,23.01368116494521,75.36130106318535,train
1895,30.066663567834983,75.7768226708495,val
1896,28.9738359990478,73.45034996690936,train
1898,24.631585697464327,75.9181253938993,test
1899,23.173517654515148,72.0343954181553,test
1903,25.656608166404748,77.40917719625651,val
1904,25.28298902617709,87.58686539014555,train
1905,16.280443029326197,75.51793098607192,train
1906,19.706883188456946,81.75096058228607,train
1907,19.556419743735827,74.71691859200078,train
1908,25.931864034327397,78.05896763553977,none
1909,31.315091443456502,77.2410846271702,train
1910,22.648329171865125,77.82778389433358,test
1914,31.206891398709093,76.85915576813359,train
1915,20.773696336832725,85.9830621779738,train
1920,16.523820716933383,76.3008405741337,train
1921,19.698638285517486,76.3433424444509,train
1922,17.915095928890103,75.70116522571853,test
1923,22.975515700769463,75.67424901077939,train
1924,31.292265359338106,74.70173691153455,train
1926,25.899522198781447,79.03410540451904,train
1927,18.707117044843702,83.25248575029708,test
1928,23.54883122708685,74.7263459787415,test
1930,22.348396664651823,73.51450043069572,test
1931,22.94809668678848,87.292287493762,train
1932,18.431745229553474,83.9095538926366,test
1933,26.026521859789572,85.5360897324765,train
1936,22.130324335002307,78.54970980460486,train
1937,20.41538969840449,81.43487057405716,train
1938,17.65050184739078,75.73447038909691,test
1941,24.348655723751605,73.54490898089665,train
1947,31.14003606202713,76.51717474895305,train
1948,23.4460088416184,76.82795224260606,val
1949,14.973806006850404,75.03789638451076,train
1950,25.148177026427845,82.64222685990683,train
1951,10.9070612472215,78.618190783621,test
1952,27.42408438898293,81.99970274612447,train
1953,20.40067914756026,81.01894023252711,train
1954,20.85821408883553,76.95976151032194,val
1955,22.190138711225472,86.93542762759867,train
1957,14.890010612531574,78.2497110893226,train
1958,22.008479362945405,86.91807095220942,train
1959,24.86630383935172,71.67645728421405,val
1960,23.85895727821277,80.85259002674542,train
1961,19.881300893220487,84.6670520310321,train
1962,19.023467968557,82.55884494900026,test
1963,18.865883351572386,74.43508341744865,train
1964,23.04056952725778,84.28236336102817,test
1965,26.06483889800355,91.24298997544464,train
1966,18.15050083237654,78.71078354623761,train
1967,16.965329762502062,80.73414882460781,train
1968,20.326207716243168,73.20147774977549,train
1969,23.03047857166615,81.98247597656619,train
1970,17.307240240000027,80.00205365515583,train
1971,17.14069281122042,80.9770603645931,train
1972,28.32349397771632,78.7257042614027,train
1973,25.16445722501791,87.67453040948868,train
1974,17.257231426308223,77.40220486747366,train
1976,17.09018009355808,80.90131241990254,train
1978,25.815584067319694,83.27455889752072,train
1979,15.317308420467004,79.98396545942346,val
1980,18.724039311338,75.92070573424193,train
1983,16.36524177244935,78.85078727258664,train
1984,23.58311729255773,78.03434902865895,none
1985,17.949257108315987,76.00196499981135,test
1986,21.049692421504734,71.63526214672903,train
1987,17.1565493882241,74.51861778975383,val
1988,23.114974100381122,79.46005276234133,train
1995,24.49856627702132,72.80887904991238,train
1996,20.482731053135012,79.14381033460845,val
1997,30.09884935598681,75.2760569681796,val
2000,30.949850997576856,75.75071763488225,val
2002,26.615158868993202,91.47346853873957,train
