original_name,original_code
Alfalfa and Alfalfa Mixtures,P1
Almonds,D12
Apples,D1
Avocados,C5
Beans (Dry),F10
Bush Berries,T19
Carrots,T6
Cherries,D3
Citrus,C
Cole Crops,T4
"Corn, Sorghum and Sudan",F16
Cotton,F1
Dates,C4
"Flowers, Nursery and Christmas Tree Farms",T16
Grapes,V
Greenhouse,T27
Idle,X
Kiwis,C8
Lettuce/Leafy Greens,T8
Managed Wetland,NR
"Melons, Squash and Cucumbers",T9
Miscellaneous Deciduous,D10
Miscellaneous Field Crops,F11
Miscellaneous Grain and Hay,G6
Miscellaneous Grasses,P6
Miscellaneous Subtropical Fruits,C7
Miscellaneous Truck Crops,T18
Mixed Pasture,P3
Olives,C6
Onions and Garlic,T10
Peaches/Nectarines,D5
Pears,D6
Peppers,T21
Pistachios,D14
"Plums, Prunes and Apricots",D16
Pomegranates,D15
Potatoes and Sweet Potatoes,T31
Rice,R1
Safflower,F2
Strawberries,T20
Sunflowers,F12
Tomatoes,T15
Urban,U
Walnuts,D13
Wheat,G2
Wild Rice,R2
Young Perennials,YP
